CaseMasterID,IncidentFromDate,IncidentToDate,InfoReceivedPSDate
2001,2026-01-01T10:00:00,2026-01-01T11:30:00,2026-01-01T12:00:00
2002,2026-01-02T10:00:00,2026-01-02T11:30:00,2026-01-02T12:00:00
2003,2026-01-03T10:00:00,2026-01-03T11:30:00,2026-01-03T12:00:00
2004,2026-01-04T10:00:00,2026-01-04T11:30:00,2026-01-04T12:00:00
2005,2026-01-05T10:00:00,2026-01-05T11:30:00,2026-01-05T12:00:00
2006,2026-01-06T10:00:00,2026-01-06T11:30:00,2026-01-06T12:00:00
2007,2026-01-07T10:00:00,2026-01-07T11:30:00,2026-01-07T12:00:00
2008,2026-01-08T10:00:00,2026-01-08T11:30:00,2026-01-08T12:00:00
2009,2026-01-09T10:00:00,2026-01-09T11:30:00,2026-01-09T12:00:00
2010,2026-01-10T10:00:00,2026-01-10T11:30:00,2026-01-10T12:00:00
2011,2026-01-11T10:00:00,2026-01-11T11:30:00,2026-01-11T12:00:00
2012,2026-01-12T10:00:00,2026-01-12T11:30:00,2026-01-12T12:00:00
2013,2026-01-13T10:00:00,2026-01-13T11:30:00,2026-01-13T12:00:00
2014,2026-01-14T10:00:00,2026-01-14T11:30:00,2026-01-14T12:00:00
2015,2026-01-15T10:00:00,2026-01-15T11:30:00,2026-01-15T12:00:00
2016,2026-01-16T10:00:00,2026-01-16T11:30:00,2026-01-16T12:00:00
2017,2026-01-17T10:00:00,2026-01-17T11:30:00,2026-01-17T12:00:00
2018,2026-01-18T10:00:00,2026-01-18T11:30:00,2026-01-18T12:00:00
2019,2026-01-19T10:00:00,2026-01-19T11:30:00,2026-01-19T12:00:00
2020,2026-01-20T10:00:00,2026-01-20T11:30:00,2026-01-20T12:00:00
2021,2026-01-21T10:00:00,2026-01-21T11:30:00,2026-01-21T12:00:00
2022,2026-01-22T10:00:00,2026-01-22T11:30:00,2026-01-22T12:00:00
2023,2026-01-23T10:00:00,2026-01-23T11:30:00,2026-01-23T12:00:00
2024,2026-01-24T10:00:00,2026-01-24T11:30:00,2026-01-24T12:00:00
2025,2026-01-25T10:00:00,2026-01-25T11:30:00,2026-01-25T12:00:00
2026,2026-01-26T10:00:00,2026-01-26T11:30:00,2026-01-26T12:00:00
2027,2026-01-27T10:00:00,2026-01-27T11:30:00,2026-01-27T12:00:00
2028,2026-01-28T10:00:00,2026-01-28T11:30:00,2026-01-28T12:00:00
2029,2026-01-01T10:00:00,2026-01-01T11:30:00,2026-01-01T12:00:00
2030,2026-01-02T10:00:00,2026-01-02T11:30:00,2026-01-02T12:00:00
2031,2026-02-03T10:00:00,2026-02-03T11:30:00,2026-02-03T12:00:00
2032,2026-02-04T10:00:00,2026-02-04T11:30:00,2026-02-04T12:00:00
2033,2026-02-05T10:00:00,2026-02-05T11:30:00,2026-02-05T12:00:00
2034,2026-02-06T10:00:00,2026-02-06T11:30:00,2026-02-06T12:00:00
2035,2026-02-07T10:00:00,2026-02-07T11:30:00,2026-02-07T12:00:00
2036,2026-02-08T10:00:00,2026-02-08T11:30:00,2026-02-08T12:00:00
2037,2026-02-09T10:00:00,2026-02-09T11:30:00,2026-02-09T12:00:00
2038,2026-02-10T10:00:00,2026-02-10T11:30:00,2026-02-10T12:00:00
2039,2026-02-11T10:00:00,2026-02-11T11:30:00,2026-02-11T12:00:00
2040,2026-02-12T10:00:00,2026-02-12T11:30:00,2026-02-12T12:00:00
2041,2026-02-13T10:00:00,2026-02-13T11:30:00,2026-02-13T12:00:00
2042,2026-02-14T10:00:00,2026-02-14T11:30:00,2026-02-14T12:00:00
2043,2026-02-15T10:00:00,2026-02-15T11:30:00,2026-02-15T12:00:00
2044,2026-02-16T10:00:00,2026-02-16T11:30:00,2026-02-16T12:00:00
2045,2026-02-17T10:00:00,2026-02-17T11:30:00,2026-02-17T12:00:00
2046,2026-02-18T10:00:00,2026-02-18T11:30:00,2026-02-18T12:00:00
2047,2026-02-19T10:00:00,2026-02-19T11:30:00,2026-02-19T12:00:00
2048,2026-02-20T10:00:00,2026-02-20T11:30:00,2026-02-20T12:00:00
2049,2026-02-21T10:00:00,2026-02-21T11:30:00,2026-02-21T12:00:00
2050,2026-02-22T10:00:00,2026-02-22T11:30:00,2026-02-22T12:00:00
2051,2026-02-23T10:00:00,2026-02-23T11:30:00,2026-02-23T12:00:00
2052,2026-02-24T10:00:00,2026-02-24T11:30:00,2026-02-24T12:00:00
2053,2026-02-25T10:00:00,2026-02-25T11:30:00,2026-02-25T12:00:00
2054,2026-02-26T10:00:00,2026-02-26T11:30:00,2026-02-26T12:00:00
2055,2026-02-27T10:00:00,2026-02-27T11:30:00,2026-02-27T12:00:00
2056,2026-02-28T10:00:00,2026-02-28T11:30:00,2026-02-28T12:00:00
2057,2026-02-01T10:00:00,2026-02-01T11:30:00,2026-02-01T12:00:00
2058,2026-02-02T10:00:00,2026-02-02T11:30:00,2026-02-02T12:00:00
2059,2026-02-03T10:00:00,2026-02-03T11:30:00,2026-02-03T12:00:00
2060,2026-02-04T10:00:00,2026-02-04T11:30:00,2026-02-04T12:00:00
2061,2026-03-05T10:00:00,2026-03-05T11:30:00,2026-03-05T12:00:00
2062,2026-03-06T10:00:00,2026-03-06T11:30:00,2026-03-06T12:00:00
2063,2026-03-07T10:00:00,2026-03-07T11:30:00,2026-03-07T12:00:00
2064,2026-03-08T10:00:00,2026-03-08T11:30:00,2026-03-08T12:00:00
2065,2026-03-09T10:00:00,2026-03-09T11:30:00,2026-03-09T12:00:00
2066,2026-03-10T10:00:00,2026-03-10T11:30:00,2026-03-10T12:00:00
2067,2026-03-11T10:00:00,2026-03-11T11:30:00,2026-03-11T12:00:00
2068,2026-03-12T10:00:00,2026-03-12T11:30:00,2026-03-12T12:00:00
2069,2026-03-13T10:00:00,2026-03-13T11:30:00,2026-03-13T12:00:00
2070,2026-03-14T10:00:00,2026-03-14T11:30:00,2026-03-14T12:00:00
2071,2026-03-15T10:00:00,2026-03-15T11:30:00,2026-03-15T12:00:00
2072,2026-03-16T10:00:00,2026-03-16T11:30:00,2026-03-16T12:00:00
2073,2026-03-17T10:00:00,2026-03-17T11:30:00,2026-03-17T12:00:00
2074,2026-03-18T10:00:00,2026-03-18T11:30:00,2026-03-18T12:00:00
2075,2026-03-19T10:00:00,2026-03-19T11:30:00,2026-03-19T12:00:00
2076,2026-03-20T10:00:00,2026-03-20T11:30:00,2026-03-20T12:00:00
2077,2026-03-21T10:00:00,2026-03-21T11:30:00,2026-03-21T12:00:00
2078,2026-03-22T10:00:00,2026-03-22T11:30:00,2026-03-22T12:00:00
2079,2026-03-23T10:00:00,2026-03-23T11:30:00,2026-03-23T12:00:00
2080,2026-03-24T10:00:00,2026-03-24T11:30:00,2026-03-24T12:00:00
2081,2026-03-25T10:00:00,2026-03-25T11:30:00,2026-03-25T12:00:00
2082,2026-03-26T10:00:00,2026-03-26T11:30:00,2026-03-26T12:00:00
2083,2026-03-27T10:00:00,2026-03-27T11:30:00,2026-03-27T12:00:00
2084,2026-03-28T10:00:00,2026-03-28T11:30:00,2026-03-28T12:00:00
2085,2026-03-01T10:00:00,2026-03-01T11:30:00,2026-03-01T12:00:00
2086,2026-03-02T10:00:00,2026-03-02T11:30:00,2026-03-02T12:00:00
2087,2026-03-03T10:00:00,2026-03-03T11:30:00,2026-03-03T12:00:00
2088,2026-03-04T10:00:00,2026-03-04T11:30:00,2026-03-04T12:00:00
2089,2026-03-05T10:00:00,2026-03-05T11:30:00,2026-03-05T12:00:00
2090,2026-03-06T10:00:00,2026-03-06T11:30:00,2026-03-06T12:00:00
2091,2026-04-07T10:00:00,2026-04-07T11:30:00,2026-04-07T12:00:00
2092,2026-04-08T10:00:00,2026-04-08T11:30:00,2026-04-08T12:00:00
2093,2026-04-09T10:00:00,2026-04-09T11:30:00,2026-04-09T12:00:00
2094,2026-04-10T10:00:00,2026-04-10T11:30:00,2026-04-10T12:00:00
2095,2026-04-11T10:00:00,2026-04-11T11:30:00,2026-04-11T12:00:00
2096,2026-04-12T10:00:00,2026-04-12T11:30:00,2026-04-12T12:00:00
2097,2026-04-13T10:00:00,2026-04-13T11:30:00,2026-04-13T12:00:00
2098,2026-04-14T10:00:00,2026-04-14T11:30:00,2026-04-14T12:00:00
2099,2026-04-15T10:00:00,2026-04-15T11:30:00,2026-04-15T12:00:00
2100,2026-04-16T10:00:00,2026-04-16T11:30:00,2026-04-16T12:00:00
2101,2026-04-17T10:00:00,2026-04-17T11:30:00,2026-04-17T12:00:00
2102,2026-04-18T10:00:00,2026-04-18T11:30:00,2026-04-18T12:00:00
2103,2026-04-19T10:00:00,2026-04-19T11:30:00,2026-04-19T12:00:00
2104,2026-04-20T10:00:00,2026-04-20T11:30:00,2026-04-20T12:00:00
2105,2026-04-21T10:00:00,2026-04-21T11:30:00,2026-04-21T12:00:00
2106,2026-04-22T10:00:00,2026-04-22T11:30:00,2026-04-22T12:00:00
2107,2026-04-23T10:00:00,2026-04-23T11:30:00,2026-04-23T12:00:00
2108,2026-04-24T10:00:00,2026-04-24T11:30:00,2026-04-24T12:00:00
2109,2026-04-25T10:00:00,2026-04-25T11:30:00,2026-04-25T12:00:00
2110,2026-04-26T10:00:00,2026-04-26T11:30:00,2026-04-26T12:00:00
2111,2026-04-27T10:00:00,2026-04-27T11:30:00,2026-04-27T12:00:00
2112,2026-04-28T10:00:00,2026-04-28T11:30:00,2026-04-28T12:00:00
2113,2026-04-01T10:00:00,2026-04-01T11:30:00,2026-04-01T12:00:00
2114,2026-04-02T10:00:00,2026-04-02T11:30:00,2026-04-02T12:00:00
2115,2026-04-03T10:00:00,2026-04-03T11:30:00,2026-04-03T12:00:00
2116,2026-04-04T10:00:00,2026-04-04T11:30:00,2026-04-04T12:00:00
2117,2026-04-05T10:00:00,2026-04-05T11:30:00,2026-04-05T12:00:00
2118,2026-04-06T10:00:00,2026-04-06T11:30:00,2026-04-06T12:00:00
2119,2026-04-07T10:00:00,2026-04-07T11:30:00,2026-04-07T12:00:00
2120,2026-04-08T10:00:00,2026-04-08T11:30:00,2026-04-08T12:00:00
2121,2026-05-09T10:00:00,2026-05-09T11:30:00,2026-05-09T12:00:00
2122,2026-05-10T10:00:00,2026-05-10T11:30:00,2026-05-10T12:00:00
2123,2026-05-11T10:00:00,2026-05-11T11:30:00,2026-05-11T12:00:00
2124,2026-05-12T10:00:00,2026-05-12T11:30:00,2026-05-12T12:00:00
2125,2026-05-13T10:00:00,2026-05-13T11:30:00,2026-05-13T12:00:00
2126,2026-05-14T10:00:00,2026-05-14T11:30:00,2026-05-14T12:00:00
2127,2026-05-15T10:00:00,2026-05-15T11:30:00,2026-05-15T12:00:00
2128,2026-05-16T10:00:00,2026-05-16T11:30:00,2026-05-16T12:00:00
2129,2026-05-17T10:00:00,2026-05-17T11:30:00,2026-05-17T12:00:00
2130,2026-05-18T10:00:00,2026-05-18T11:30:00,2026-05-18T12:00:00
2131,2026-05-19T10:00:00,2026-05-19T11:30:00,2026-05-19T12:00:00
2132,2026-05-20T10:00:00,2026-05-20T11:30:00,2026-05-20T12:00:00
2133,2026-05-21T10:00:00,2026-05-21T11:30:00,2026-05-21T12:00:00
2134,2026-05-22T10:00:00,2026-05-22T11:30:00,2026-05-22T12:00:00
2135,2026-05-23T10:00:00,2026-05-23T11:30:00,2026-05-23T12:00:00
2136,2026-05-24T10:00:00,2026-05-24T11:30:00,2026-05-24T12:00:00
2137,2026-05-25T10:00:00,2026-05-25T11:30:00,2026-05-25T12:00:00
2138,2026-05-26T10:00:00,2026-05-26T11:30:00,2026-05-26T12:00:00
2139,2026-05-27T10:00:00,2026-05-27T11:30:00,2026-05-27T12:00:00
2140,2026-05-28T10:00:00,2026-05-28T11:30:00,2026-05-28T12:00:00
2141,2026-05-01T10:00:00,2026-05-01T11:30:00,2026-05-01T12:00:00
2142,2026-05-02T10:00:00,2026-05-02T11:30:00,2026-05-02T12:00:00
2143,2026-05-03T10:00:00,2026-05-03T11:30:00,2026-05-03T12:00:00
2144,2026-05-04T10:00:00,2026-05-04T11:30:00,2026-05-04T12:00:00
2145,2026-05-05T10:00:00,2026-05-05T11:30:00,2026-05-05T12:00:00
2146,2026-05-06T10:00:00,2026-05-06T11:30:00,2026-05-06T12:00:00
2147,2026-05-07T10:00:00,2026-05-07T11:30:00,2026-05-07T12:00:00
2148,2026-05-08T10:00:00,2026-05-08T11:30:00,2026-05-08T12:00:00
2149,2026-05-09T10:00:00,2026-05-09T11:30:00,2026-05-09T12:00:00
2150,2026-05-10T10:00:00,2026-05-10T11:30:00,2026-05-10T12:00:00
2151,2026-06-11T10:00:00,2026-06-11T11:30:00,2026-06-11T12:00:00
2152,2026-06-12T10:00:00,2026-06-12T11:30:00,2026-06-12T12:00:00
2153,2026-06-13T10:00:00,2026-06-13T11:30:00,2026-06-13T12:00:00
2154,2026-06-14T10:00:00,2026-06-14T11:30:00,2026-06-14T12:00:00
2155,2026-06-15T10:00:00,2026-06-15T11:30:00,2026-06-15T12:00:00
2156,2026-06-16T10:00:00,2026-06-16T11:30:00,2026-06-16T12:00:00
2157,2026-06-17T10:00:00,2026-06-17T11:30:00,2026-06-17T12:00:00
2158,2026-06-18T10:00:00,2026-06-18T11:30:00,2026-06-18T12:00:00
2159,2026-06-19T10:00:00,2026-06-19T11:30:00,2026-06-19T12:00:00
2160,2026-06-20T10:00:00,2026-06-20T11:30:00,2026-06-20T12:00:00
2161,2026-06-21T10:00:00,2026-06-21T11:30:00,2026-06-21T12:00:00
2162,2026-06-22T10:00:00,2026-06-22T11:30:00,2026-06-22T12:00:00
2163,2026-06-23T10:00:00,2026-06-23T11:30:00,2026-06-23T12:00:00
2164,2026-06-24T10:00:00,2026-06-24T11:30:00,2026-06-24T12:00:00
2165,2026-06-25T10:00:00,2026-06-25T11:30:00,2026-06-25T12:00:00
2166,2026-06-26T10:00:00,2026-06-26T11:30:00,2026-06-26T12:00:00
2167,2026-06-27T10:00:00,2026-06-27T11:30:00,2026-06-27T12:00:00
2168,2026-06-28T10:00:00,2026-06-28T11:30:00,2026-06-28T12:00:00
2169,2026-06-01T10:00:00,2026-06-01T11:30:00,2026-06-01T12:00:00
2170,2026-06-02T10:00:00,2026-06-02T11:30:00,2026-06-02T12:00:00
2171,2026-06-03T10:00:00,2026-06-03T11:30:00,2026-06-03T12:00:00
2172,2026-06-04T10:00:00,2026-06-04T11:30:00,2026-06-04T12:00:00
2173,2026-06-05T10:00:00,2026-06-05T11:30:00,2026-06-05T12:00:00
2174,2026-06-06T10:00:00,2026-06-06T11:30:00,2026-06-06T12:00:00
2175,2026-06-07T10:00:00,2026-06-07T11:30:00,2026-06-07T12:00:00
2176,2026-06-08T10:00:00,2026-06-08T11:30:00,2026-06-08T12:00:00
2177,2026-06-09T10:00:00,2026-06-09T11:30:00,2026-06-09T12:00:00
2178,2026-06-10T10:00:00,2026-06-10T11:30:00,2026-06-10T12:00:00
2179,2026-06-11T10:00:00,2026-06-11T11:30:00,2026-06-11T12:00:00
2180,2026-06-12T10:00:00,2026-06-12T11:30:00,2026-06-12T12:00:00
2181,2026-07-13T10:00:00,2026-07-13T11:30:00,2026-07-13T12:00:00
2182,2026-07-14T10:00:00,2026-07-14T11:30:00,2026-07-14T12:00:00
2183,2026-07-15T10:00:00,2026-07-15T11:30:00,2026-07-15T12:00:00
2184,2026-07-16T10:00:00,2026-07-16T11:30:00,2026-07-16T12:00:00
2185,2026-07-17T10:00:00,2026-07-17T11:30:00,2026-07-17T12:00:00
2186,2026-07-18T10:00:00,2026-07-18T11:30:00,2026-07-18T12:00:00
2187,2026-07-19T10:00:00,2026-07-19T11:30:00,2026-07-19T12:00:00
2188,2026-07-20T10:00:00,2026-07-20T11:30:00,2026-07-20T12:00:00
2189,2026-07-21T10:00:00,2026-07-21T11:30:00,2026-07-21T12:00:00
2190,2026-07-22T10:00:00,2026-07-22T11:30:00,2026-07-22T12:00:00
2191,2026-07-23T10:00:00,2026-07-23T11:30:00,2026-07-23T12:00:00
2192,2026-07-24T10:00:00,2026-07-24T11:30:00,2026-07-24T12:00:00
2193,2026-07-25T10:00:00,2026-07-25T11:30:00,2026-07-25T12:00:00
2194,2026-07-26T10:00:00,2026-07-26T11:30:00,2026-07-26T12:00:00
2195,2026-07-27T10:00:00,2026-07-27T11:30:00,2026-07-27T12:00:00
2196,2026-07-28T10:00:00,2026-07-28T11:30:00,2026-07-28T12:00:00
2197,2026-07-01T10:00:00,2026-07-01T11:30:00,2026-07-01T12:00:00
2198,2026-07-02T10:00:00,2026-07-02T11:30:00,2026-07-02T12:00:00
2199,2026-07-03T10:00:00,2026-07-03T11:30:00,2026-07-03T12:00:00
2200,2026-07-04T10:00:00,2026-07-04T11:30:00,2026-07-04T12:00:00